-- INSERT INTO system (id, display_nm, username, host, port, authorized_keys, status_cd)
--   VALUES (2, 'student01', 'student01', 'lvcsqlgg01', 22, '~/.ssh/authorized_keys', 'FAILED');
-- INSERT INTO system (id, display_nm, username, host, port, authorized_keys, status_cd)
--  VALUES (3, 'student02', 'student02', 'lvcsqlgg01', 22, '~/.ssh/authorized_keys', 'FAILED');
INSERT INTO system (id, display_nm, username, host, port, authorized_keys, status_cd)
  VALUES (4, 'student03', 'student03', 'lvcsqlgg01', 22, '~/.ssh/authorized_keys', 'FAILED');
INSERT INTO system (id, display_nm, username, host, port, authorized_keys, status_cd)
  VALUES (5, 'student04', 'student04', 'lvcsqlgg01', 22, '~/.ssh/authorized_keys', 'FAILED');
INSERT INTO system (id, display_nm, username, host, port, authorized_keys, status_cd)
  VALUES (6, 'student05', 'student05', 'lvcsqlgg01', 22, '~/.ssh/authorized_keys', 'FAILED');
INSERT INTO system (id, display_nm, username, host, port, authorized_keys, status_cd)
  VALUES (7, 'student06', 'student06', 'lvcsqlgg01', 22, '~/.ssh/authorized_keys', 'FAILED');
INSERT INTO system (id, display_nm, username, host, port, authorized_keys, status_cd)
  VALUES (8, 'student07', 'student07', 'lvcsqlgg01', 22, '~/.ssh/authorized_keys', 'FAILED');
INSERT INTO system (id, display_nm, username, host, port, authorized_keys, status_cd)
  VALUES (9, 'student08', 'student08', 'lvcsqlgg01', 22, '~/.ssh/authorized_keys', 'FAILED');
INSERT INTO system (id, display_nm, username, host, port, authorized_keys, status_cd)
  VALUES (10, 'student09', 'student09', 'lvcsqlgg01', 22, '~/.ssh/authorized_keys', 'FAILED');
INSERT INTO system (id, display_nm, username, host, port, authorized_keys, status_cd)
  VALUES (11, 'student10', 'student10', 'lvcsqlgg01', 22, '~/.ssh/authorized_keys', 'FAILED');
INSERT INTO system (id, display_nm, username, host, port, authorized_keys, status_cd)
  VALUES (12, 'student11', 'student11', 'lvcsqlgg01', 22, '~/.ssh/authorized_keys', 'FAILED');
INSERT INTO system (id, display_nm, username, host, port, authorized_keys, status_cd)
  VALUES (13, 'student12', 'student12', 'lvcsqlgg01', 22, '~/.ssh/authorized_keys', 'FAILED');
INSERT INTO system (id, display_nm, username, host, port, authorized_keys, status_cd)
  VALUES (14, 'student13', 'student13', 'lvcsqlgg01', 22, '~/.ssh/authorized_keys', 'FAILED');
INSERT INTO system (id, display_nm, username, host, port, authorized_keys, status_cd)
  VALUES (15, 'student14', 'student14', 'lvcsqlgg01', 22, '~/.ssh/authorized_keys', 'FAILED');
INSERT INTO system (id, display_nm, username, host, port, authorized_keys, status_cd)
  VALUES (16, 'student15', 'student15', 'lvcsqlgg01', 22, '~/.ssh/authorized_keys', 'FAILED');
INSERT INTO system (id, display_nm, username, host, port, authorized_keys, status_cd)
  VALUES (17, 'student16', 'student16', 'lvcsqlgg01', 22, '~/.ssh/authorized_keys', 'FAILED');
INSERT INTO system (id, display_nm, username, host, port, authorized_keys, status_cd)
  VALUES (18, 'student17', 'student17', 'lvcsqlgg01', 22, '~/.ssh/authorized_keys', 'FAILED');
INSERT INTO system (id, display_nm, username, host, port, authorized_keys, status_cd)
  VALUES (19, 'student18', 'student18', 'lvcsqlgg01', 22, '~/.ssh/authorized_keys', 'FAILED');
INSERT INTO system (id, display_nm, username, host, port, authorized_keys, status_cd)
  VALUES (20, 'student19', 'student19', 'lvcsqlgg01', 22, '~/.ssh/authorized_keys', 'FAILED');
INSERT INTO system (id, display_nm, username, host, port, authorized_keys, status_cd)
  VALUES (21, 'student20', 'student20', 'lvcsqlgg01', 22, '~/.ssh/authorized_keys', 'FAILED');
INSERT INTO system (id, display_nm, username, host, port, authorized_keys, status_cd)
  VALUES (22, 'student21', 'student21', 'lvcsqlgg01', 22, '~/.ssh/authorized_keys', 'FAILED');
INSERT INTO system (id, display_nm, username, host, port, authorized_keys, status_cd)
  VALUES (23, 'student22', 'student22', 'lvcsqlgg01', 22, '~/.ssh/authorized_keys', 'FAILED');
INSERT INTO system (id, display_nm, username, host, port, authorized_keys, status_cd)
  VALUES (24, 'student23', 'student23', 'lvcsqlgg01', 22, '~/.ssh/authorized_keys', 'FAILED');
INSERT INTO system (id, display_nm, username, host, port, authorized_keys, status_cd)
  VALUES (25, 'student24', 'student24', 'lvcsqlgg01', 22, '~/.ssh/authorized_keys', 'FAILED');
INSERT INTO system (id, display_nm, username, host, port, authorized_keys, status_cd)
  VALUES (26, 'student25', 'student25', 'lvcsqlgg01', 22, '~/.ssh/authorized_keys', 'FAILED');
INSERT INTO system (id, display_nm, username, host, port, authorized_keys, status_cd)
  VALUES (27, 'student26', 'student26', 'lvcsqlgg01', 22, '~/.ssh/authorized_keys', 'FAILED');
INSERT INTO system (id, display_nm, username, host, port, authorized_keys, status_cd)
  VALUES (28, 'student27', 'student27', 'lvcsqlgg01', 22, '~/.ssh/authorized_keys', 'FAILED');
INSERT INTO system (id, display_nm, username, host, port, authorized_keys, status_cd)
  VALUES (29, 'student28', 'student28', 'lvcsqlgg01', 22, '~/.ssh/authorized_keys', 'FAILED');
INSERT INTO system (id, display_nm, username, host, port, authorized_keys, status_cd)
  VALUES (30, 'student29', 'student29', 'lvcsqlgg01', 22, '~/.ssh/authorized_keys', 'FAILED');

-- INSERT INTO profiles (id, nm, desc) VALUES (1, 'student01', NULL);
-- INSERT INTO profiles (id, nm, desc) VALUES (2, 'student02', NULL);
INSERT INTO profiles (id, nm, desc) VALUES (3, 'student03', '');
INSERT INTO profiles (id, nm, desc) VALUES (4, 'student04', '');
INSERT INTO profiles (id, nm, desc) VALUES (5, 'student05', '');
INSERT INTO profiles (id, nm, desc) VALUES (6, 'student06', '');
INSERT INTO profiles (id, nm, desc) VALUES (7, 'student07', '');
INSERT INTO profiles (id, nm, desc) VALUES (8, 'student08', '');
INSERT INTO profiles (id, nm, desc) VALUES (9, 'student09', '');
INSERT INTO profiles (id, nm, desc) VALUES (10, 'student10', '');
INSERT INTO profiles (id, nm, desc) VALUES (11, 'student11', '');
INSERT INTO profiles (id, nm, desc) VALUES (12, 'student12', '');
INSERT INTO profiles (id, nm, desc) VALUES (13, 'student13', '');
INSERT INTO profiles (id, nm, desc) VALUES (14, 'student14', '');
INSERT INTO profiles (id, nm, desc) VALUES (15, 'student15', '');
INSERT INTO profiles (id, nm, desc) VALUES (16, 'student16', '');
INSERT INTO profiles (id, nm, desc) VALUES (17, 'student17', '');
INSERT INTO profiles (id, nm, desc) VALUES (18, 'student18', '');
INSERT INTO profiles (id, nm, desc) VALUES (19, 'student19', '');
INSERT INTO profiles (id, nm, desc) VALUES (20, 'student20', '');
INSERT INTO profiles (id, nm, desc) VALUES (21, 'student21', '');
INSERT INTO profiles (id, nm, desc) VALUES (22, 'student22', '');
INSERT INTO profiles (id, nm, desc) VALUES (23, 'student23', '');
INSERT INTO profiles (id, nm, desc) VALUES (24, 'student24', '');
INSERT INTO profiles (id, nm, desc) VALUES (25, 'student25', '');
INSERT INTO profiles (id, nm, desc) VALUES (26, 'student26', '');
INSERT INTO profiles (id, nm, desc) VALUES (27, 'student27', '');
INSERT INTO profiles (id, nm, desc) VALUES (28, 'student28', '');
INSERT INTO profiles (id, nm, desc) VALUES (29, 'student29', '');

-- INSERT INTO system_map (profile_id, system_id) VALUES (1,2);
-- INSERT INTO system_map (profile_id, system_id) VALUES (2,3);
INSERT INTO system_map (profile_id, system_id) VALUES (3,4);
INSERT INTO system_map (profile_id, system_id) VALUES (4,5);
INSERT INTO system_map (profile_id, system_id) VALUES (5,6);
INSERT INTO system_map (profile_id, system_id) VALUES (6,7);
INSERT INTO system_map (profile_id, system_id) VALUES (7,8);
INSERT INTO system_map (profile_id, system_id) VALUES (8,9);
INSERT INTO system_map (profile_id, system_id) VALUES (9,10);
INSERT INTO system_map (profile_id, system_id) VALUES (11,12);
INSERT INTO system_map (profile_id, system_id) VALUES (12,13);
INSERT INTO system_map (profile_id, system_id) VALUES (13,14);
INSERT INTO system_map (profile_id, system_id) VALUES (14,15);
INSERT INTO system_map (profile_id, system_id) VALUES (15,16);
INSERT INTO system_map (profile_id, system_id) VALUES (16,17);
INSERT INTO system_map (profile_id, system_id) VALUES (17,18);
INSERT INTO system_map (profile_id, system_id) VALUES (18,19);
INSERT INTO system_map (profile_id, system_id) VALUES (19,20);
INSERT INTO system_map (profile_id, system_id) VALUES (20,21);
INSERT INTO system_map (profile_id, system_id) VALUES (21,22);
INSERT INTO system_map (profile_id, system_id) VALUES (22,23);
INSERT INTO system_map (profile_id, system_id) VALUES (23,24);
INSERT INTO system_map (profile_id, system_id) VALUES (24,25);
INSERT INTO system_map (profile_id, system_id) VALUES (25,26);
INSERT INTO system_map (profile_id, system_id) VALUES (26,27);
INSERT INTO system_map (profile_id, system_id) VALUES (27,28);
INSERT INTO system_map (profile_id, system_id) VALUES (28,29);
INSERT INTO system_map (profile_id, system_id) VALUES (29,30);

-- INSERT INTO user_map (user_id, profile_id) VALUES (2,1);
-- INSERT INTO user_map (user_id, profile_id) VALUES (3,2);
INSERT INTO user_map (user_id, profile_id) VALUES (4,3);
INSERT INTO user_map (user_id, profile_id) VALUES (5,4);
INSERT INTO user_map (user_id, profile_id) VALUES (6,5);
INSERT INTO user_map (user_id, profile_id) VALUES (7,6);
INSERT INTO user_map (user_id, profile_id) VALUES (8,7);
INSERT INTO user_map (user_id, profile_id) VALUES (9,8);
INSERT INTO user_map (user_id, profile_id) VALUES (10,9);
INSERT INTO user_map (user_id, profile_id) VALUES (11,10);
INSERT INTO user_map (user_id, profile_id) VALUES (12,11);
INSERT INTO user_map (user_id, profile_id) VALUES (13,12);
INSERT INTO user_map (user_id, profile_id) VALUES (14,13);
INSERT INTO user_map (user_id, profile_id) VALUES (15,14);
INSERT INTO user_map (user_id, profile_id) VALUES (16,15);
INSERT INTO user_map (user_id, profile_id) VALUES (17,16);
INSERT INTO user_map (user_id, profile_id) VALUES (18,17);
INSERT INTO user_map (user_id, profile_id) VALUES (19,18);
INSERT INTO user_map (user_id, profile_id) VALUES (20,19);
INSERT INTO user_map (user_id, profile_id) VALUES (21,20);
INSERT INTO user_map (user_id, profile_id) VALUES (22,21);
INSERT INTO user_map (user_id, profile_id) VALUES (23,22);
INSERT INTO user_map (user_id, profile_id) VALUES (24,23);
INSERT INTO user_map (user_id, profile_id) VALUES (25,24);
INSERT INTO user_map (user_id, profile_id) VALUES (26,25);
INSERT INTO user_map (user_id, profile_id) VALUES (27,26);
INSERT INTO user_map (user_id, profile_id) VALUES (28,27);
INSERT INTO user_map (user_id, profile_id) VALUES (29,28);
INSERT INTO user_map (user_id, profile_id) VALUES (30,29);


